Year,HDI
2000,0.42
2001,0.434
2002,0.453
2003,0.466
2004,0.478
2005,0.49
2006,0.502
2007,0.513
2008,0.521
2009,0.521
2010,0.537
2011,0.546
2012,0.553
2013,0.56
2014,0.566
2015,0.571
2016,0.576
2017,0.582
2018,0.582
2019,0.5714502
2020,0.5713189
2021,0.5750635
2022,0.5818052
2023,0.5868688
2024,0.5924523
2025,0.5979308
2026,0.6024467
2027,0.6073063
2028,0.6123214
2029,0.6175778
2030,0.6229336
